debit_account_id	credit_account_id	weight_sum	depth	expected_norm	expected_p_from_debit	expected_p_from_credit
2104 Credit Card 4	6801 Other Expense 1	3000.0	1	0.001003267673	1.0	0.03
6016 Expense 16	2101 Credit Card 1	161.18	1	0.0001946538764	0.097	0.004
2102 Credit Card 2	6801 Other Expense 1	8722.84	1	0.002633370103	1.0	0.087
6801 Other Expense 1	2601 Long Term Liability 1	40495.89	1	0.01168365388	0.146	1.0
1801 Other Asset 1	6801 Other Expense 1	44233.6	1	0.01274830887	0.841	0.441
2602 Long Term Liability 2	6801 Other Expense 1	44233.6	1	0.01274830887	1.0	0.441
6801 Other Expense 1	1102 A/R 2	142002.5	1	0.0405969507	0.513	1.0
6015 Expense 15	1001 Bank 1	2047.71	11	0.001792494227	1.0	0.002
5004 COGS 4	1001 Bank 1	13969.0	17	0.003492214247	0.998	0.012
6006 Expense 6	1001 Bank 1	6590.0	16	0.002840024679	0.955	0.005
6028 Expense 28	1002 Bank 2	25.92	6	0.0008948877934	0.075	0.0
1001 Bank 1	4001 Income 1	973264.56	239	0.0904886953	0.791	0.51
6007 Expense 7	1001 Bank 1	3397.96	20	0.003202377132	1.0	0.003
6027 Expense 27	1001 Bank 1	472.54	6	0.0009367423871	1.0	0.0
6013 Expense 13	1001 Bank 1	2300.63	13	0.002101908293	0.927	0.002
6011 Expense 11	1001 Bank 1	3357.04	43	0.006600137454	0.989	0.003
1004 Bank 4	1003 Bank 3	300.0	2	0.0003485357623	1.0	0.174
5003 COGS 3	1003 Bank 3	31.9	1	0.000157829565	0.001	0.019
5005 COGS 5	1001 Bank 1	8672.76	31	0.005156441495	0.836	0.007
5013 COGS 13	1001 Bank 1	670.0	1	0.0003395869373	1.0	0.001
6013 Expense 13	1003 Bank 3	142.78	1	0.0001894127925	0.058	0.083
2107 Credit Card 7	1001 Bank 1	1403.05	6	0.001023944299	1.0	0.001
5009 COGS 9	1001 Bank 1	1785.0	74	0.01111157048	0.992	0.001
2201 Other Current Liability 1	1001 Bank 1	572398.98	149	0.05480543913	0.733	0.475
6005 Expense 5	1001 Bank 1	6997.71	80	0.01230780476	0.708	0.006
6004 Expense 4	1001 Bank 1	7667.36	80	0.01234688254	0.647	0.006
6031 Expense 31	1001 Bank 1	136.0	5	0.0007575004546	1.0	0.0
5003 COGS 3	2101 Credit Card 1	36641.61	181	0.02900212748	0.83	0.862
6017 Expense 17	2101 Credit Card 1	906.29	10	0.001558506014	0.621	0.021
6010 Expense 10	1001 Bank 1	3791.29	4	0.001022731778	1.0	0.003
6016 Expense 16	1002 Bank 2	1493.73	6	0.001032442294	0.903	0.017
5007 COGS 7	1001 Bank 1	4662.58	229	0.03432556453	0.985	0.004
6009 Expense 9	1001 Bank 1	3800.0	1	0.001231140887	1.0	0.003
6011 Expense 11	2101 Credit Card 1	39.0	1	0.0001598519398	0.011	0.001
6014 Expense 14	2101 Credit Card 1	164.78	1	0.0001956793059	0.084	0.004
5007 COGS 7	1003 Bank 3	37.98	2	0.0003039491106	0.008	0.022
6020 Expense 20	1001 Bank 1	1228.2	50	0.007510940983	0.986	0.001
5002 COGS 2	1001 Bank 1	72199.0	104	0.01963472927	1.0	0.06
5003 COGS 3	1001 Bank 1	7474.48	70	0.01085125696	0.169	0.006
2203 Other Current Liability 3	1001 Bank 1	43416.47	25	0.006526005872	1.0	0.036
6023 Expense 23	1001 Bank 1	764.55	8	0.001254287761	1.0	0.001
2101 Credit Card 1	1001 Bank 1	38193.39	5	0.00461496713	0.934	0.032
6025 Expense 25	1001 Bank 1	645.48	27	0.004057364117	1.0	0.001
5005 COGS 5	2101 Credit Card 1	1698.66	6	0.001051647126	0.164	0.04
2101 Credit Card 1	5003 COGS 3	1380.91	15	0.002328885984	0.034	0.937
6002 Expense 2	1001 Bank 1	16401.98	43	0.007393562159	0.988	0.014
5010 COGS 10	1001 Bank 1	1675.0	7	0.001189026159	1.0	0.001
6017 Expense 17	1001 Bank 1	553.12	20	0.003011897263	0.379	0.0
6008 Expense 8	1001 Bank 1	4586.67	7	0.00144599071	0.981	0.004
2101 Credit Card 1	4003 Income 3	940.0	1	0.000416494147	0.023	0.017
6024 Expense 24	2107 Credit Card 7	51.99	5	0.0007489852681	0.075	1.0
2202 Other Current Liability 2	1001 Bank 1	176304.06	95	0.02433910646	0.961	0.146
6014 Expense 14	1001 Bank 1	1790.41	43	0.00650485124	0.916	0.001
1001 Bank 1	3001 Equity 1	61500.0	12	0.006372901344	0.05	0.984
6028 Expense 28	2101 Credit Card 1	106.58	2	0.0003156224344	0.308	0.003
6012 Expense 12	1001 Bank 1	2819.48	27	0.004196463538	0.992	0.002
5008 COGS 8	1001 Bank 1	2493.95	38	0.005805676926	0.694	0.002
2601 Long Term Liability 1	1001 Bank 1	9553.6	5	0.001712060874	1.0	0.008
6019 Expense 19	2101 Credit Card 1	871.3	8	0.001263271599	0.725	0.021
1002 Bank 2	1001 Bank 1	850.0	2	0.0004421265509	0.009	0.001
6003 Expense 3	1001 Bank 1	13771.98	10	0.002567483759	0.968	0.011
6001 Expense 1	1001 Bank 1	21847.23	13	0.003531373695	1.0	0.018
2103 Credit Card 3	1001 Bank 1	3000.0	4	0.0009334530223	1.0	0.002
2101 Credit Card 1	5014 COGS 14	27.59	1	0.0001566018981	0.001	1.0
4004 Income 4	1001 Bank 1	7957.99	5	0.001550331118	1.0	0.007
2105 Credit Card 5	1001 Bank 1	1500.0	5	0.0008957544059	1.0	0.001
5006 COGS 6	1001 Bank 1	5161.5	10	0.00189221623	1.0	0.004
6030 Expense 30	1001 Bank 1	269.36	6	0.0009177015552	1.0	0.0
5008 COGS 8	1003 Bank 3	1100.0	1	0.0004620687898	0.306	0.638
3001 Equity 1	1001 Bank 1	50969.0	15	0.005838672278	0.981	0.042
2106 Credit Card 6	1001 Bank 1	1500.0	5	0.0008957544059	1.0	0.001
6024 Expense 24	2105 Credit Card 5	146.44	5	0.0007585586447	0.211	1.0
1201 Other Current Asset 1	1001 Bank 1	52715.0	10	0.005621547749	0.091	0.044
5011 COGS 11	1001 Bank 1	1153.94	1	0.0004774331413	1.0	0.001
6026 Expense 26	1001 Bank 1	593.75	3	0.0005245684921	0.947	0.0
5001 COGS 1	1201 Other Current Asset 1	185110.7	3	0.02486965881	0.421	0.363
5001 COGS 1	2201 Other Current Liability 1	221723.83	3	0.02970038009	0.504	0.41
1201 Other Current Asset 1	1201 Other Current Asset 1	219120.4	3	0.02935688461	0.378	0.43
1201 Other Current Asset 1	2201 Other Current Liability 1	268322.64	3	0.03584860788	0.463	0.496
1001 Bank 1	1002 Bank 2	87235.51	9	0.008402346044	0.071	0.972
1002 Bank 2	4001 Income 1	32531.36	5	0.004041068288	0.358	0.017
6008 Expense 8	2101 Credit Card 1	88.29	2	0.0003125101153	0.019	0.002
4001 Income 1	1101 A/R 1	433575.22	4	0.04951389731	0.455	0.48
4001 Income 1	4006 Income 6	3385.64	4	0.0009769635674	0.004	0.477
4001 Income 1	4001 Income 1	430863.83	4	0.04920797973	0.452	0.226
4001 Income 1	4008 Income 8	852.93	4	0.0006912058848	0.001	0.48
4001 Income 1	4005 Income 5	3482.26	4	0.0009878648973	0.004	0.48
4001 Income 1	4007 Income 7	1702.82	4	0.0007870962934	0.002	0.48
4001 Income 1	2203 Other Current Liability 3	18431.25	4	0.002674512299	0.019	0.472
4001 Income 1	1201 Other Current Asset 1	33522.57	4	0.004377218345	0.035	0.066
4001 Income 1	2202 Other Current Liability 2	21829.0	1	0.006366548605	0.023	0.092
1101 A/R 1	1101 A/R 1	411011.64	4	0.04696811973	0.454	0.455
1101 A/R 1	4006 Income 6	3209.81	4	0.0009571252229	0.004	0.452
1101 A/R 1	4001 Income 1	410967.55	4	0.04696314519	0.454	0.216
1101 A/R 1	4008 Income 8	812.32	4	0.0006866239865	0.001	0.457
1101 A/R 1	4005 Income 5	3307.15	4	0.0009681077882	0.004	0.456
1101 A/R 1	4007 Income 7	1617.19	4	0.0007774349305	0.002	0.456
1101 A/R 1	2203 Other Current Liability 3	17911.91	4	0.002615916804	0.02	0.458
1101 A/R 1	1201 Other Current Asset 1	32173.08	4	0.004224959644	0.036	0.063
1101 A/R 1	2202 Other Current Liability 2	20137.64	1	0.005884779056	0.022	0.085
1801 Other Asset 1	1101 A/R 1	3707.51	3	0.000935396703	0.07	0.004
1801 Other Asset 1	4006 Income 6	29.59	3	0.0004501334543	0.001	0.004
1801 Other Asset 1	4001 Income 1	3876.36	3	0.0009576747024	0.074	0.002
1801 Other Asset 1	4008 Income 8	7.52	3	0.0004472215476	0.0	0.004
1801 Other Asset 1	4005 Income 5	30.11	3	0.0004502020629	0.001	0.004
1801 Other Asset 1	4007 Income 7	14.72	3	0.0004481715126	0.0	0.004
1801 Other Asset 1	2203 Other Current Liability 3	195.16	3	0.0004719786918	0.004	0.005
1801 Other Asset 1	1201 Other Current Asset 1	303.21	3	0.0004862347643	0.006	0.001
1801 Other Asset 1	2202 Other Current Liability 2	209.24	1	0.0002083433597	0.004	0.001
2201 Other Current Liability 1	1101 A/R 1	52340.44	4	0.006500379276	0.067	0.058
2201 Other Current Liability 1	4006 Income 6	446.28	4	0.0006453248476	0.001	0.063
2201 Other Current Liability 1	4001 Income 1	52110.04	4	0.006474383971	0.067	0.027
2201 Other Current Liability 1	4008 Income 8	99.2	4	0.0006061649057	0.0	0.056
2201 Other Current Liability 1	4005 Income 5	412.31	4	0.0006414921196	0.001	0.057
2201 Other Current Liability 1	4007 Income 7	201.62	4	0.0006177206313	0.0	0.057
2201 Other Current Liability 1	2203 Other Current Liability 3	2495.08	4	0.0008764844909	0.003	0.064
2201 Other Current Liability 1	1201 Other Current Asset 1	36323.91	5	0.004425478129	0.047	0.071
2201 Other Current Liability 1	2202 Other Current Liability 2	22314.16	2	0.004094576844	0.029	0.095
5012 COGS 12	1001 Bank 1	876.0	7	0.001118511755	1.0	0.001
2101 Credit Card 1	6011 Expense 11	39.0	1	0.0001598519398	0.001	1.0
2101 Credit Card 1	6014 Expense 14	164.82	1	0.0001956906995	0.004	1.0
6028 Expense 28	1001 Bank 1	213.16	4	0.0006190226531	0.617	0.0
1002 Bank 2	6013 Expense 13	12.0	1	0.0001521612188	0.0	1.0
5007 COGS 7	2101 Credit Card 1	30.9	2	0.0003027443419	0.007	0.001
6021 Expense 21	1001 Bank 1	750.0	1	0.0003623742587	0.885	0.001
6020 Expense 20	2101 Credit Card 1	17.81	1	0.0001538161481	0.014	0.0
6002 Expense 2	2101 Credit Card 1	195.0	1	0.0002042872165	0.012	0.005
1004 Bank 4	4006 Income 6	0.01	1	0.000148745969	0.0	0.0
4001 Income 1	1801 Other Asset 1	989.19	1	0.0004305055013	0.001	0.514
4001 Income 1	2201 Other Current Liability 1	3653.44	1	0.001189394514	0.004	0.007
1101 A/R 1	1801 Other Asset 1	836.22	1	0.0003869332943	0.001	0.434
1101 A/R 1	2201 Other Current Liability 1	3088.48	1	0.00102847045	0.003	0.006
2201 Other Current Liability 1	1801 Other Asset 1	69.78	1	0.0001686193617	0.0	0.036
2201 Other Current Liability 1	2201 Other Current Liability 1	41166.16	2	0.007302528747	0.053	0.076
2202 Other Current Liability 2	1101 A/R 1	3549.61	1	0.001159819419	0.019	0.004
2202 Other Current Liability 2	4006 Income 6	24.95	1	0.0001558499165	0.0	0.004
2202 Other Current Liability 2	4001 Income 1	3040.36	1	0.001014763877	0.017	0.002
2202 Other Current Liability 2	4007 Income 7	13.66	1	0.0001526340558	0.0	0.004
2202 Other Current Liability 2	4008 Income 8	6.53	1	0.0001506031357	0.0	0.004
2202 Other Current Liability 2	4005 Income 5	27.93	1	0.0001566987442	0.0	0.004
2202 Other Current Liability 2	1801 Other Asset 1	30.95	1	0.0001575589656	0.0	0.016
2202 Other Current Liability 2	1201 Other Current Asset 1	257.71	1	0.0002221496281	0.001	0.001
2202 Other Current Liability 2	2203 Other Current Liability 3	47.93	1	0.0001623955746	0.0	0.001
2202 Other Current Liability 2	2201 Other Current Liability 1	114.3	1	0.0001813005061	0.001	0.0
6033 Expense 33	1001 Bank 1	50.0	1	0.0001629851965	1.0	0.0
5014 COGS 14	2101 Credit Card 1	27.05	1	0.0001564480837	1.0	0.001
6024 Expense 24	2101 Credit Card 1	343.31	2	0.0003559056115	0.495	0.008
6021 Expense 21	2101 Credit Card 1	97.0	1	0.0001763727478	0.115	0.002
1001 Bank 1	6008 Expense 8	63.96	1	0.0001669615841	0.0	1.0
6018 Expense 18	1001 Bank 1	1333.21	1	0.0005284966801	1.0	0.001
1002 Bank 2	3001 Equity 1	1000.0	2	0.0004676513115	0.011	0.016
3001 Equity 1	1002 Bank 2	1000.0	2	0.0004676513115	0.019	0.011
5009 COGS 9	2101 Credit Card 1	13.5	1	0.0001525884811	0.008	0.0
6006 Expense 6	2101 Credit Card 1	310.98	2	0.0003504041748	0.045	0.007
6019 Expense 19	1001 Bank 1	330.35	12	0.001809562008	0.275	0.0
1001 Bank 1	1001 Bank 1	4000.0	1	0.00128810919	0.003	0.003
5001 COGS 1	2202 Other Current Liability 2	33090.48	1	0.009574285656	0.075	0.14
1201 Other Current Asset 1	2202 Other Current Liability 2	39671.96	1	0.01144896441	0.068	0.168
6005 Expense 5	1201 Other Current Asset 1	1063.43	1	0.0004516521355	0.108	0.002
6005 Expense 5	2201 Other Current Liability 1	1314.67	1	0.0005232157184	0.133	0.002
6005 Expense 5	2202 Other Current Liability 2	505.07	1	0.0002926080258	0.051	0.002
6004 Expense 4	1201 Other Current Asset 1	1540.0	1	0.0005873990575	0.13	0.003
6004 Expense 4	2201 Other Current Liability 1	1903.84	1	0.0006910357952	0.161	0.004
6004 Expense 4	2202 Other Current Liability 2	731.42	1	0.0003570819033	0.062	0.003
5004 COGS 4	2101 Credit Card 1	21.5	1	0.0001548672133	0.002	0.001
6801 Other Expense 1	1003 Bank 3	110.63	1	0.0001802551377	0.0	0.064
6801 Other Expense 1	1004 Bank 4	454.48	1	0.0002781978935	0.002	1.0
2205 Other Current Liability 5	2202 Other Current Liability 2	3612.67	1	0.001177781525	1.0	0.015
6801 Other Expense 1	2202 Other Current Liability 2	93976.31	1	0.02691709786	0.339	0.398
2204 Other Current Liability 4	1001 Bank 1	10513.23	6	0.001877696668	1.0	0.009
6022 Expense 22	1001 Bank 1	832.54	2	0.0004391554688	1.0	0.001
1002 Bank 2	4003 Income 3	54704.15	4	0.006767069222	0.602	0.977
1001 Bank 1	1202 Other Current Asset 2	15225.0	2	0.002888249435	0.012	1.0
6013 Expense 13	2101 Credit Card 1	39.0	1	0.0001598519398	0.016	0.001
6012 Expense 12	2101 Credit Card 1	23.92	1	0.0001555565297	0.008	0.001
1001 Bank 1	4002 Income 2	89361.19	12	0.008451384125	0.073	1.0
6024 Expense 24	2103 Credit Card 3	151.88	3	0.0004662683465	0.219	1.0
6032 Expense 32	1001 Bank 1	89.8	2	0.0003127670646	1.0	0.0
1002 Bank 2	6007 Expense 7	1823.28	1	0.0006680889625	0.02	1.0
6034 Expense 34	1001 Bank 1	24.98	1	0.0001558584617	1.0	0.0
6003 Expense 3	2101 Credit Card 1	454.99	1	0.0002783431626	0.032	0.011
6026 Expense 26	2101 Credit Card 1	33.48	1	0.0001582796146	0.053	0.001
1001 Bank 1	6019 Expense 19	55.84	1	0.000164648671	0.0	0.584
6029 Expense 29	2101 Credit Card 1	196.91	2	0.0003309934452	0.663	0.005
2101 Credit Card 1	6017 Expense 17	54.1	1	0.0001641530467	0.001	1.0
2101 Credit Card 1	6019 Expense 19	39.82	1	0.0001600855099	0.001	0.416
1001 Bank 1	4003 Income 3	325.0	3	0.0004891097279	0.0	0.006
2101 Credit Card 1	1203 Other Current Asset 3	39.78	1	0.0001600741162	0.001	1.0
1001 Bank 1	5003 COGS 3	93.0	1	0.0001752333818	0.0	0.063
6029 Expense 29	1001 Bank 1	100.0	1	0.0001772272724	0.337	0.0
